{
  "name": "mongodb-connector",
  "config": {
    "connector.class": "io.debezium.connector.mongodb.MongoDbConnector",
    "tasks.max": "1",
    "mongodb.hosts": "rs0/localhost:27017",
    "mongodb.connection.string": "mongodb://mongodb:27017", 
    "mongodb.name": "newdb",
    "mongodb.database": "newdatabase",
    "collection.include.list": "newdatabase.newcollection",
    "topic.prefix": "mongo",
    "database.history.kafka.bootstrap.servers": "kafka:9092",
    "database.history.kafka.topic": "dbhistory.fullfillment"
  }
}
